Entry,Theta,Status,Count,RawScore,SE,Infit,Infit_Z,Outfit,Outfit_Z,Displacement,PointMeasureCorr,Weight,ObservMatch,ExpectMatch,PointMeasureExpected,RMSR,WMLE,testeventid,ssid,asmtprmrydsbltycd,asmtscndrydsbltycd
224,2.31,1,17,12,0.55,0.87,-0.6,0.8,-0.59,0,0.44,1,70.6,71.1,0.25,0.42,2.25,146846,11351497,80,10
449,2.63,1,17,13,0.59,1.03,0.23,1.02,0.07,0,0.21,1,76.5,76.5,0.23,0.41,2.55,148605,17760593,10,0
384,1.48,1,17,9,0.51,0.93,-0.3,0.89,-0.41,0,0.39,1,64.7,61.6,0.29,0.46,1.48,147861,13625535,10,50
173,4.29,1,17,16,1.04,1.01,0.34,0.82,0.19,0,0.14,1,94.1,94.1,0.13,0.23,3.83,151413,10649670,82,0
362,2.02,1,17,11,0.53,1.15,0.71,1.07,0.31,0,0.14,1,52.9,66.6,0.27,0.49,1.98,145227,13272527,82,0
367,1.23,1,17,8,0.51,0.74,-1.25,0.73,-1.82,0,0.75,1,76.5,61.6,0.3,0.42,1.23,149858,13350943,82,10
326,3.01,1,17,14,0.65,1.11,0.4,1.14,0.55,0,0,1,82.4,82.3,0.21,0.42,2.89,145527,12971332,10,50
254,2.63,1,17,13,0.59,1.01,0.09,1.02,0.19,0,0.19,1,76.5,76.5,0.23,0.42,2.55,148079,12022535,10,0
45,0.96,1,17,7,0.52,0.94,-0.32,0.92,0.05,0,0.32,1,52.9,64.5,0.3,0.45,0.99,150778,10189866,0,10
315,1.75,1,17,10,0.51,1.13,0.76,1.19,0.68,0,0.08,1,64.7,63.3,0.28,0.5,1.73,147766,12847739,82,0
91,-2.93,-1,17,0,1.85,1,0,1,0,0,0,1,100,100,0,0,-2.93,150263,10247661,80,70
406,5.54,0,17,17,1.84,0.86,0.13,0.42,-0.16,0,0.32,1,100,100,0,0,5.54,149895,14364271,80,50
299,0.96,1,17,7,0.52,1.26,1.8,1.2,0.98,0,-0.05,1,35.3,64.5,0.3,0.53,0.99,144095,12403563,80,0
469,2.02,1,17,11,0.53,0.88,-0.53,0.81,-0.66,0,0.44,1,70.6,66.6,0.27,0.43,1.98,147601,20405545,82,10
35,1.48,1,17,9,0.51,1.31,3.74,1.35,1.69,0,-0.07,1,35.3,61.6,0.29,0.54,1.48,147617,10162429,10,80
142,3.51,1,17,15,0.77,0.99,0.07,0.97,0,0,0.21,1,88.2,88.2,0.17,0.32,3.3,150872,10413413,10,50
34,0.06,1,17,4,0.6,0.85,-0.24,0.81,-0.53,0,0.49,1,82.4,77.9,0.29,0.36,0.14,146313,10166033,10,0
471,3.01,1,17,14,0.65,1.11,0.41,1.26,1.31,0,0.1,1,76.5,82.3,0.21,0.42,2.89,148688,19997035,82,0
315,2.02,1,17,11,0.53,1.07,0.39,1.11,0.42,0,0.2,1,52.9,66.6,0.27,0.47,1.98,144924,12771430,10,82
250,4.29,1,17,16,1.04,1.03,0.31,1.01,0.42,0,0.12,1,94.1,94.1,0.13,0.24,3.83,150815,11552808,10,50
242,0.39,1,17,5,0.56,1.22,0.79,1.27,0.89,0,-0.04,1,64.7,73.2,0.3,0.48,0.45,147728,11492600,60,0
290,3.01,1,17,14,0.65,0.91,-0.13,0.79,-0.35,0,0.38,1,82.4,82.3,0.21,0.38,2.89,145009,12297119,10,0
52,0.39,1,17,5,0.56,1.21,1.04,1.26,0.92,0,-0.03,1,64.7,73.2,0.3,0.48,0.45,148095,10197230,10,0
190,-0.85,1,17,2,0.78,0.94,-0.03,0.53,-0.2,0,0.39,1,88.2,88.2,0.25,0.27,-0.64,147937,11099860,82,0
214,-2.93,-1,17,0,1.85,0.97,0,0.91,-0.25,0,0.39,1,100,100,0,0,-2.93,147865,11300442,50,40
92,0.96,1,17,7,0.52,1.04,0.25,0.99,0.13,0,0.14,1,52.9,64.5,0.3,0.46,0.99,150226,10246118,10,0
443,2.63,1,17,13,0.59,1.03,0.2,1.03,0.13,0,0.2,1,70.6,76.5,0.23,0.42,2.55,150136,17157056,10,0
298,0.39,1,17,5,0.56,1.28,1.33,1.35,1.26,0,-0.2,1,58.8,73.2,0.3,0.51,0.45,145227,12346497,10,50
106,0.39,1,17,5,0.56,0.88,-0.27,0.74,-0.55,0,0.47,1,76.5,73.2,0.3,0.39,0.45,150796,10271287,10,0
280,5.54,0,17,17,1.84,0.68,0.13,0.42,-0.59,0,0.68,1,100,100,0,0,5.54,143454,12246522,70,90
234,1.75,1,17,10,0.51,1.2,1.27,1.15,1.31,0,0.04,1,47.1,63.3,0.28,0.52,1.73,152178,11403926,10,80
468,5.54,0,17,17,1.84,0.95,0,0.78,-0.21,0,0.33,1,100,100,0,0,5.54,143504,20310803,80,0
425,1.75,1,17,10,0.51,0.93,-0.33,0.9,-0.39,0,0.38,1,76.5,63.3,0.28,0.46,1.73,144142,15535266,82,80
85,2.02,1,17,11,0.53,0.98,-0.05,0.95,-0.09,0,0.34,1,70.6,66.6,0.27,0.46,1.98,143953,10229728,82,10
37,0.69,1,17,6,0.53,1.21,0.83,1.26,1.28,0,-0.05,1,64.7,68.8,0.3,0.49,0.73,146607,10169369,80,0
285,3.51,1,17,15,0.77,0.86,0.01,0.64,-0.27,0,0.42,1,88.2,88.2,0.17,0.29,3.3,145781,12236152,74,10
71,1.48,1,17,9,0.51,1.09,0.7,1.03,0.29,0,0.18,1,58.8,61.6,0.29,0.5,1.48,149619,10226338,80,0
461,5.54,0,17,17,1.84,0.9,0.13,0.47,-0.27,0,0.41,1,100,100,0,0,5.54,144250,18870317,80,0
330,0.96,1,17,7,0.52,0.93,-0.33,0.89,-0.33,0,0.39,1,52.9,64.5,0.3,0.44,0.99,147243,12887749,60,0
188,3.51,1,17,15,0.77,0.99,0.07,0.86,0.05,0,0.24,1,88.2,88.2,0.17,0.34,3.3,150846,11099860,82,0
247,1.48,1,17,9,0.51,0.92,-0.56,0.88,-0.64,0,0.43,1,64.7,61.6,0.29,0.45,1.48,147158,11480688,80,50
312,2.02,1,17,11,0.53,0.85,-0.6,0.8,-0.64,0,0.51,1,76.5,66.6,0.27,0.43,1.98,150142,12816426,82,0
14,2.02,1,17,11,0.53,1.58,1.71,1.29,3.57,0,-0.2,1,52.9,66.6,0.27,0.53,1.98,150328,10095500,10,50
86,0.96,1,17,7,0.52,1.04,0.27,1.1,0.56,0,0.2,1,64.7,64.5,0.3,0.46,0.99,150721,10227687,10,0
307,3.01,1,17,14,0.65,1.02,0.17,0.96,0.06,0,0.17,1,82.4,82.3,0.21,0.37,2.89,150085,12599891,82,0
142,0.06,1,17,4,0.6,0.75,-0.37,0.73,-0.54,0,0.63,1,82.4,77.9,0.29,0.35,0.14,150818,10423362,10,0
187,5.54,0,17,17,1.84,0.94,0,0.47,-0.11,0,0.29,1,100,100,0,0,5.54,144962,11099860,82,40
36,-2.93,-1,17,0,1.85,1,0,1,0,0,0,1,100,100,0,0,-2.93,143646,10166033,70,40
106,1.23,1,17,8,0.51,1.16,1.15,1.21,0.98,0,0.07,1,47.1,61.6,0.3,0.5,1.23,150173,10282718,10,0
227,1.75,1,17,10,0.51,1,0.02,0.96,-0.06,0,0.28,1,64.7,63.3,0.28,0.48,1.73,150714,11351470,82,10
348,5.54,0,17,17,1.84,0.94,0,0.47,-0.22,0,0.33,1,100,100,0,0,5.54,144673,13241001,74,0
60,4.29,1,17,16,1.04,1.06,0.38,1.17,0.47,0,0.03,1,94.1,94.1,0.13,0.24,3.83,145896,10210660,10,0
453,2.02,1,17,11,0.53,1.18,1.04,1.14,0.83,0,0.03,1,64.7,66.6,0.27,0.5,1.98,148012,17963885,10,0
102,1.23,1,17,8,0.51,1.17,1.22,1.21,0.95,0,0.06,1,47.1,61.6,0.3,0.49,1.23,148095,10271287,82,10
232,2.31,1,17,12,0.55,0.86,-0.71,0.85,-0.66,0,0.47,1,76.5,71.1,0.25,0.43,2.25,146846,11450665,80,0
377,2.31,1,17,12,0.55,1.07,0.47,1,0.23,0,0.14,1,70.6,71.1,0.25,0.47,2.25,147827,13601075,60,0
369,1.23,1,17,8,0.51,0.74,-0.83,0.71,-0.82,0,0.75,1,70.6,61.6,0.3,0.43,1.23,150034,13398393,10,0
442,-2.93,-1,17,0,1.85,1,0,1,0,0,0,1,100,100,0,0,-2.93,148360,17157056,70,0
243,1.23,1,17,8,0.51,1.18,1.27,1.15,0.81,0,0.05,1,47.1,61.6,0.3,0.51,1.23,151731,11488026,10,0
130,2.63,1,17,13,0.59,0.92,-0.14,0.81,-0.2,0,0.4,1,76.5,76.5,0.23,0.39,2.55,142935,10384219,10,60
19,-1.65,1,17,1,1.05,0.94,0.26,0.47,-0.2,0,0.41,1,94.1,94.1,0.19,0.22,-1.2,147531,10134166,82,0
321,2.02,1,17,11,0.53,1.25,1.45,1.37,1.64,0,-0.08,1,41.2,66.6,0.27,0.52,1.98,145074,12907170,10,60
308,1.75,1,17,10,0.51,0.99,0.02,0.97,0,0,0.29,1,52.9,63.3,0.28,0.48,1.73,143754,12824593,80,50
383,5.54,0,17,17,1.84,1,0,1,0,0,0,1,100,100,0,0,5.54,146864,13601075,10,0
354,2.63,1,17,13,0.59,0.99,0.08,0.71,-0.14,0,0.26,1,76.5,76.5,0.23,0.36,2.55,150037,13236946,82,0
271,4.29,1,17,16,1.04,0.97,0.26,0.91,0.11,0,0.25,1,94.1,94.1,0.13,0.23,3.83,149448,12173185,0,0
351,0.39,1,17,5,0.56,0.74,-1.07,0.65,-1.04,0,0.75,1,82.4,73.2,0.3,0.41,0.45,149827,13217674,82,10
327,2.63,1,17,13,0.59,0.92,-0.21,0.68,-0.2,0,0.37,1,76.5,76.5,0.23,0.38,2.55,144701,12926825,10,50
110,3.51,1,17,15,0.77,0.83,-0.15,0.72,-0.5,0,0.51,1,88.2,88.2,0.17,0.3,3.3,146955,10290079,82,0
119,1.23,1,17,8,0.51,0.73,-1.18,0.75,-1.28,0,0.66,1,76.5,61.6,0.3,0.43,1.23,151240,10292411,82,0
15,0.96,1,17,7,0.52,1.2,1.27,1.24,1.02,0,-0.03,1,64.7,64.5,0.3,0.51,0.99,146328,10140336,10,0
141,-2.93,-1,17,0,1.85,1,0,1,0,0,0,1,100,100,0,0,-2.93,144732,10413413,10,0
420,0.69,1,17,6,0.53,1.07,0.43,1,0.12,0,0.23,1,64.7,68.8,0.3,0.47,0.73,151145,15879267,10,0
341,-2.93,-1,17,0,1.85,1,0,1,0,0,0,1,100,100,0,0,-2.93,148827,13142755,80,0
163,4.29,1,17,16,1.04,1.17,0.51,2.28,0.58,0,-0.18,1,94.1,94.1,0.13,0.24,3.83,147460,10512594,90,0
309,1.48,1,17,9,0.51,1.18,1.14,1.11,0.48,0,0.05,1,47.1,61.6,0.29,0.51,1.48,143754,12475777,80,0
385,2.31,1,17,12,0.55,1.13,0.7,1.08,0.49,0,0.08,1,64.7,71.1,0.25,0.48,2.25,146734,13673564,82,40
267,0.06,1,17,4,0.6,1.08,0.34,1.45,1.5,0,0.02,1,76.5,77.9,0.29,0.48,0.14,143690,12097292,82,10
172,0.06,1,17,4,0.6,1.22,1.02,1.28,0.92,0,-0.03,1,70.6,77.9,0.29,0.45,0.14,147608,10516581,80,0
52,-1.65,1,17,1,1.05,0.72,-0.27,0.52,-0.57,0,0.69,1,94.1,94.1,0.19,0.19,-1.2,149535,10188843,10,0
414,2.31,1,17,12,0.55,1.09,0.39,1.12,0.48,0,0.18,1,70.6,71.1,0.25,0.47,2.25,151923,14640570,82,0
240,3.01,1,17,14,0.65,0.77,-0.27,0.49,-0.57,0,0.61,1,82.4,82.3,0.21,0.35,2.89,152126,11481218,82,0
412,0.96,1,17,7,0.52,1.5,2.25,1.69,3.57,0,-0.42,1,41.2,64.5,0.3,0.56,0.99,151122,15219771,82,10
17,3.01,1,17,14,0.65,1,0.11,1.11,0.38,0,0.19,1,82.4,82.3,0.21,0.37,2.89,144749,10144250,82,0
85,3.01,1,17,14,0.65,0.86,-0.07,0.64,-0.26,0,0.42,1,82.4,82.3,0.21,0.34,2.89,144668,10231625,40,0
260,2.63,1,17,13,0.59,0.75,-1.18,0.58,-1.18,0,0.61,1,76.5,76.5,0.23,0.37,2.55,143460,12053589,80,10
364,2.63,1,17,13,0.59,1.15,0.7,1.26,1.31,0,0.1,1,76.5,76.5,0.23,0.39,2.55,149930,13299387,82,0
368,1.23,1,17,8,0.51,0.99,-0.03,0.99,0,0,0.26,1,82.4,61.6,0.3,0.41,1.23,147726,13445294,82,10
150,3.01,1,17,14,0.65,0.92,-0.01,0.81,-0.23,0,0.37,1,82.4,82.3,0.21,0.36,2.89,143770,10444440,10,50
73,1.23,1,17,8,0.51,1.01,0.1,0.96,-0.23,0,0.29,1,52.9,61.6,0.3,0.48,1.23,151317,10223002,80,0
325,3.01,1,17,14,0.65,1.04,0.26,0.95,0.12,0,0.27,1,82.4,82.3,0.21,0.37,2.89,150934,12974471,82,0
4,-2.93,-1,17,0,1.85,1,0,1,0,0,0,1,100,100,0,0,-2.93,145622,9224041,70,40
445,2.31,1,17,12,0.55,1.04,0.22,0.94,-0.08,0,0.27,1,64.7,71.1,0.25,0.46,2.25,149352,17185459,10,70
75,1.23,1,17,8,0.51,1.16,1.15,1.21,0.82,0,0.09,1,41.2,61.6,0.3,0.51,1.23,149606,10221506,10,50
298,2.63,1,17,13,0.59,1.13,0.61,1.46,1.56,0,0.06,1,82.4,76.5,0.23,0.39,2.55,151299,12426938,10,0
266,3.51,1,17,15,0.77,1.08,0.33,1.1,0.38,0,0.01,1,88.2,88.2,0.17,0.33,3.3,143262,12053589,74,0
174,1.23,1,17,8,0.51,1.01,0.12,1.03,0.14,0,0.22,1,52.9,61.6,0.3,0.48,1.23,147378,10630481,82,0
342,-2.93,-1,17,0,1.85,1,0,1,0,0,0,1,100,100,0,0,-2.93,150734,13135104,80,70
15,0.39,1,17,5,0.56,1.21,1.07,1.26,0.93,0,-0.05,1,64.7,73.2,0.3,0.49,0.45,149517,10141162,10,0
344,3.51,1,17,15,0.77,0.93,0.05,0.84,-0.22,0,0.31,1,88.2,88.2,0.17,0.32,3.3,150027,13105493,90,0
283,3.01,1,17,14,0.65,1.08,0.32,1.1,0.38,0,0.08,1,82.4,82.3,0.21,0.4,2.89,143326,12228451,10,0
305,3.51,1,17,15,0.77,0.83,-0.06,0.63,-0.59,0,0.48,1,88.2,88.2,0.17,0.27,3.3,148524,12599891,10,80
342,0.39,1,17,5,0.56,1.12,0.48,1.18,0.66,0,0.12,1,76.5,73.2,0.3,0.46,0.45,147228,13039369,80,0
41,0.06,1,17,4,0.6,0.82,-0.24,0.76,-0.57,0,0.52,1,82.4,77.9,0.29,0.35,0.14,149623,10169369,10,0
263,-1.65,1,17,1,1.05,0.84,-0.07,0.52,-0.5,0,0.51,1,94.1,94.1,0.19,0.22,-1.2,152129,12059625,82,10
131,1.48,1,17,9,0.51,0.97,-0.13,0.87,-0.25,0,0.34,1,58.8,61.6,0.29,0.45,1.48,151787,10402837,10,50
297,2.63,1,17,13,0.59,0.98,-0.08,1,0,0,0.3,1,76.5,76.5,0.23,0.41,2.55,150142,12346497,90,10
104,0.39,1,17,5,0.56,1.04,0.25,1.03,0.23,0,0.23,1,64.7,73.2,0.3,0.44,0.45,150279,10271287,80,0
86,0.96,1,17,7,0.52,1.15,0.76,1.16,0.91,0,0.09,1,58.8,64.5,0.3,0.5,0.99,150279,10227687,10,0
352,0.39,1,17,5,0.56,0.93,-0.12,1.04,0.3,0,0.32,1,82.4,73.2,0.3,0.4,0.45,148074,13225243,10,0
251,2.63,1,17,13,0.59,1,0.08,0.93,0,0,0.24,1,76.5,76.5,0.23,0.42,2.55,144202,11480688,60,0
194,5.54,0,17,17,1.84,0.94,0,0.47,-0.13,0,0.31,1,100,100,0,0,5.54,144962,11165731,90,0
85,3.01,1,17,14,0.65,0.95,0.06,0.92,0.24,0,0.24,1,82.4,82.3,0.21,0.37,2.89,145896,10233288,10,50
450,2.31,1,17,12,0.55,0.89,-0.53,0.79,-0.52,0,0.44,1,76.5,71.1,0.25,0.39,2.25,143684,17925568,90,40
14,2.02,1,17,11,0.53,1.58,2.19,1.48,2.49,0,-0.35,1,41.2,66.6,0.27,0.54,1.98,148000,10095500,10,60
75,3.51,1,17,15,0.77,0.86,-0.04,0.57,-0.2,0,0.42,1,88.2,88.2,0.17,0.27,3.3,145303,10225072,70,0
165,3.01,1,17,14,0.65,1.11,0.41,1.93,1.55,0,-0.14,1,82.4,82.3,0.21,0.42,2.89,146560,10509410,10,82
430,5.54,0,17,17,1.84,0.88,0.13,0.42,-0.27,0,0.42,1,100,100,0,0,5.54,144851,16661567,80,0
294,0.39,1,17,5,0.56,0.96,-0.08,1.04,0.24,0,0.3,1,76.5,73.2,0.3,0.44,0.45,149180,12305391,60,50
328,2.63,1,17,13,0.59,0.92,-0.25,0.68,-0.46,0,0.41,1,76.5,76.5,0.23,0.38,2.55,150027,12974471,10,50
49,0.06,1,17,4,0.6,1.1,0.4,1.11,0.38,0,0.06,1,76.5,77.9,0.29,0.47,0.14,149718,10187731,70,0
266,1.23,1,17,8,0.51,0.84,-1.16,0.85,-1.02,0,0.56,1,76.5,61.6,0.3,0.46,1.23,147780,12096776,10,40
233,2.31,1,17,12,0.55,0.94,-0.14,0.88,-0.35,0,0.35,1,76.5,71.1,0.25,0.44,2.25,148959,11450746,10,50
140,4.29,1,17,16,1.04,1.04,0.34,0.85,0.23,0,0.14,1,94.1,94.1,0.13,0.24,3.83,152273,10414150,10,0
259,-1.65,1,17,1,1.05,0.94,0.23,0.47,-0.18,0,0.39,1,94.1,94.1,0.19,0.19,-1.2,151410,12082465,10,0
252,2.63,1,17,13,0.59,0.87,-0.54,0.7,-0.64,0,0.44,1,70.6,76.5,0.23,0.38,2.55,152151,12022535,82,0
443,-0.85,1,17,2,0.78,1.4,0.7,1.93,1.74,0,-0.37,1,88.2,88.2,0.25,0.34,-0.64,147538,17316197,80,70
102,1.23,1,17,8,0.51,1.06,0.67,0.91,0.01,0,0.21,1,58.8,61.6,0.3,0.5,1.23,151669,10266534,82,0
2,2.31,1,17,12,0.55,0.95,-0.14,0.87,-0.3,0,0.34,1,82.4,71.1,0.25,0.42,2.25,149025,7626924,10,50
107,-2.93,-1,17,0,1.85,1.35,1.21,1.79,0.89,0,-0.33,1,100,100,0,0,-2.93,147460,10290079,80,40
347,4.29,1,17,16,1.04,1,0.26,0.94,0.03,0,0.25,1,94.1,94.1,0.13,0.23,3.83,149448,13236946,10,82
125,-0.85,1,17,2,0.78,1.35,1.08,2.02,0.58,0,-0.28,1,88.2,88.2,0.25,0.34,-0.64,145436,10345205,10,0
428,2.31,1,17,12,0.55,0.83,-0.76,0.72,-1.01,0,0.53,1,76.5,71.1,0.25,0.4,2.25,145276,15543919,80,0
69,0.69,1,17,6,0.53,1.17,0.71,1.06,0.37,0,0.14,1,58.8,68.8,0.3,0.49,0.73,150226,10221506,10,0
238,3.01,1,17,14,0.65,1.1,0.4,1.1,0.48,0,0,1,82.4,82.3,0.21,0.4,2.89,150219,11450746,60,0
325,4.29,1,17,16,1.04,1.04,0.31,0.82,0.25,0,0.17,1,94.1,94.1,0.13,0.24,3.83,147464,12887749,10,80
242,-1.65,1,17,1,1.05,1,0.23,0.9,-0.09,0,0.29,1,94.1,94.1,0.19,0.23,-1.2,145811,11492600,10,0
68,3.51,1,17,15,0.77,1.1,0.36,1.4,0.89,0,-0.09,1,88.2,88.2,0.17,0.33,3.3,149120,10226338,10,0
231,1.23,1,17,8,0.51,1.18,1.11,1.15,0.86,0,0.03,1,41.2,61.6,0.3,0.51,1.23,151731,11368756,10,50
178,2.63,1,17,13,0.59,1.22,0.74,2.28,1.86,0,-0.1,1,76.5,76.5,0.23,0.44,2.55,145946,10807993,80,0
86,4.29,1,17,16,1.04,0.95,0.26,0.84,-0.11,0,0.26,1,94.1,94.1,0.13,0.22,3.83,146335,10228144,82,0
330,4.29,1,17,16,1.04,1.02,0.31,0.82,0.25,0,0.14,1,94.1,94.1,0.13,0.23,3.83,151746,12942944,10,0
277,2.31,1,17,12,0.55,0.95,-0.18,0.93,0.24,0,0.27,1,76.5,71.1,0.25,0.43,2.25,147384,12151599,10,70
112,4.29,1,17,16,1.04,0.83,0.13,0.52,-0.59,0,0.48,1,94.1,94.1,0.13,0.22,3.83,150872,10287779,50,0
264,2.63,1,17,13,0.59,0.92,-0.14,0.68,-0.2,0,0.38,1,76.5,76.5,0.23,0.39,2.55,152126,12089842,82,40
294,0.96,1,17,7,0.52,1.12,0.76,1.14,0.86,0,0.11,1,64.7,64.5,0.3,0.5,0.99,145527,12305391,82,0
84,0.96,1,17,7,0.52,1.15,0.91,1.42,1.64,0,0.09,1,70.6,64.5,0.3,0.5,0.99,145375,10235183,80,0
95,0.69,1,17,6,0.53,0.89,-0.53,0.84,-0.62,0,0.47,1,52.9,68.8,0.3,0.42,0.73,146297,10242015,82,0
135,2.02,1,17,11,0.53,1.08,0.43,1.04,0.26,0,0.08,1,58.8,66.6,0.27,0.47,1.98,150961,10427309,82,0
396,2.02,1,17,11,0.53,0.96,-0.17,0.93,0.05,0,0.29,1,58.8,66.6,0.27,0.46,1.98,147390,13928600,10,0
311,1.75,1,17,10,0.51,1.11,0.43,1.11,0.43,0,0.11,1,64.7,63.3,0.28,0.49,1.73,145527,12645680,82,80
163,2.31,1,17,12,0.55,1.16,0.7,1.21,0.64,0,0.1,1,70.6,71.1,0.25,0.49,2.25,149615,10509410,82,0
417,2.31,1,17,12,0.55,1.12,0.48,1.13,0.48,0,0.11,1,76.5,71.1,0.25,0.47,2.25,151122,15128288,82,0
441,-0.85,1,17,2,0.78,1.13,0.42,1.11,0.38,0,0.01,1,88.2,88.2,0.25,0.34,-0.64,147118,17185459,80,0
112,0.69,1,17,6,0.53,0.82,-0.85,0.69,-0.91,0,0.54,1,76.5,68.8,0.3,0.39,0.73,144768,10288201,82,0
445,2.31,1,17,12,0.55,1.04,0.25,0.95,-0.05,0,0.23,1,70.6,71.1,0.25,0.46,2.25,149291,17427681,82,0
310,2.63,1,17,13,0.59,1.08,0.35,1.1,0.38,0,0.18,1,76.5,76.5,0.23,0.48,2.55,149135,12654523,10,50
263,-0.34,1,17,3,0.66,0.72,-0.2,0.69,-0.59,0,0.69,1,82.4,82.6,0.28,0.27,-0.21,150915,12059064,80,10
97,4.29,1,17,16,1.04,0.95,0.23,0.92,0.14,0,0.25,1,94.1,94.1,0.13,0.19,3.83,150846,10242759,82,0
388,-2.93,-1,17,0,1.85,1,0,1,0,0,0,1,100,100,0,0,-2.93,148360,13647806,82,50
52,0.39,1,17,5,0.56,1.14,0.64,1.16,0.64,0,0.09,1,76.5,73.2,0.3,0.47,0.45,149619,10187820,80,0
310,0.69,1,17,6,0.53,0.82,-1.15,0.7,-1.18,0,0.53,1,64.7,68.8,0.3,0.39,0.73,143649,12593338,10,50
162,4.29,1,17,16,1.04,0.92,0.21,0.53,-0.23,0,0.38,1,94.1,94.1,0.13,0.22,3.83,147234,10512748,10,50
349,2.63,1,17,13,0.59,0.9,-0.27,0.8,-0.46,0,0.43,1,82.4,76.5,0.23,0.36,2.55,144995,13221124,80,10
230,1.75,1,17,10,0.51,0.92,-0.55,0.92,-0.59,0,0.41,1,76.5,63.3,0.28,0.46,1.73,144103,11373970,10,50
50,-1.65,1,17,1,1.05,0.72,-0.27,0.25,-0.57,0,0.69,1,94.1,94.1,0.19,0.19,-1.2,150663,10188843,10,80
425,0.69,1,17,6,0.53,1.52,3.74,1.3,2.42,0,-0.14,1,23.5,68.8,0.3,0.6,0.73,152110,15442209,10,60
368,0.06,1,17,4,0.6,1.2,0.79,1.11,0.35,0,0.03,1,70.6,77.9,0.29,0.45,0.14,150118,13380559,10,0
357,2.63,1,17,13,0.59,1.31,1.05,1.79,1.55,0,-0.35,1,70.6,76.5,0.23,0.43,2.55,146601,13260464,90,60
127,3.01,1,17,14,0.65,1.01,0.12,1.02,0.13,0,0.21,1,82.4,82.3,0.21,0.38,2.89,146394,10298428,10,0
382,2.31,1,17,12,0.55,0.93,-0.18,0.88,-0.3,0,0.35,1,76.5,71.1,0.25,0.43,2.25,149936,13601075,10,0
270,-0.34,1,17,3,0.66,1,0.12,0.95,-0.09,0,0.29,1,82.4,82.6,0.28,0.32,-0.21,150796,12140023,10,80
348,2.02,1,17,11,0.53,0.78,-1.08,0.74,-1.28,0,0.61,1,64.7,66.6,0.27,0.43,1.98,149143,13217674,82,0
170,4.29,1,17,16,1.04,0.97,0.26,0.91,0.11,0,0.26,1,94.1,94.1,0.13,0.23,3.83,150691,10543759,82,0
457,2.02,1,17,11,0.53,1.04,0.3,1,0.29,0,0.2,1,76.5,66.6,0.27,0.47,1.98,148605,18597106,82,80
22,0.69,1,17,6,0.53,1.17,0.71,1.17,0.59,0,0.08,1,58.8,68.8,0.3,0.49,0.73,149517,10144250,70,0
164,0.96,1,17,7,0.52,0.91,-0.58,0.84,-0.67,0,0.43,1,64.7,64.5,0.3,0.44,0.99,149047,10516581,82,10
196,0.96,1,17,7,0.52,1.01,0.12,1.19,0.98,0,0.22,1,64.7,64.5,0.3,0.46,0.99,146445,11176784,82,0
225,2.31,1,17,12,0.55,1.12,0.61,1.44,1.56,0,0.05,1,70.6,71.1,0.25,0.47,2.25,143690,11362227,82,0
124,-1.65,1,17,1,1.05,1,0.26,0.83,0.09,0,0.21,1,94.1,94.1,0.19,0.23,-1.2,151413,10298428,80,0
199,0.96,1,17,7,0.52,1.12,0.84,1.08,0.37,0,0.11,1,58.8,64.5,0.3,0.5,0.99,151261,11167971,10,50
369,5.54,0,17,17,1.84,1,0,1,0,0,0,1,100,100,0,0,5.54,146403,13471945,70,80
373,4.29,1,17,16,1.04,0.86,0.13,0.42,-0.16,0,0.3,1,94.1,94.1,0.13,0.22,3.83,146515,13475290,90,0
312,1.48,1,17,9,0.51,1.09,0.53,1.11,0.57,0,0.1,1,58.8,61.6,0.29,0.49,1.48,148580,12494461,80,50
471,2.02,1,17,11,0.53,1.04,0.3,1,0.07,0,0.19,1,76.5,66.6,0.27,0.47,1.98,148821,20390548,80,0
324,3.01,1,17,14,0.65,0.82,-0.34,0.58,-0.57,0,0.52,1,88.2,82.3,0.21,0.35,2.89,147767,12942944,10,0
257,-0.34,1,17,3,0.66,0.75,-0.27,0.63,-0.57,0,0.6,1,82.4,82.6,0.28,0.3,-0.21,148683,12028622,80,0
162,4.29,1,17,16,1.04,1.07,0.36,1.12,0.38,0,0.01,1,94.1,94.1,0.13,0.24,3.83,143117,10521801,60,0
418,4.29,1,17,16,1.04,0.9,0.13,0.53,-0.27,0,0.38,1,94.1,94.1,0.13,0.22,3.83,148222,15144186,10,0
274,4.29,1,17,16,1.04,0.86,0.13,0.42,-0.27,0,0.4,1,94.1,94.1,0.13,0.22,3.83,151775,12158364,82,0
250,1.23,1,17,8,0.51,0.94,-0.26,0.88,-0.46,0,0.37,1,64.7,61.6,0.3,0.46,1.23,147605,11481218,10,0
53,0.39,1,17,5,0.56,1.14,0.62,1.11,0.48,0,0.07,1,64.7,73.2,0.3,0.46,0.45,150314,10187731,10,0
275,4.29,1,17,16,1.04,0.86,0.13,0.42,-0.27,0,0.42,1,94.1,94.1,0.13,0.22,3.83,151424,12156515,10,0
45,4.29,1,17,16,1.04,1.06,0.39,2.55,0.63,0,-0.1,1,94.1,94.1,0.13,0.24,3.83,150191,10189068,80,82
447,2.31,1,17,12,0.55,1.24,1.05,1.25,0.7,0,-0.08,1,64.7,71.1,0.25,0.47,2.25,148605,17940311,82,10
103,1.23,1,17,8,0.51,0.92,-0.38,0.89,-0.45,0,0.43,1,58.8,61.6,0.3,0.46,1.23,146297,10276041,10,0
309,0.69,1,17,6,0.53,1.12,0.71,1.08,0.48,0,0.14,1,47.1,68.8,0.3,0.49,0.73,148547,12816426,80,80
42,0.96,1,17,7,0.52,1.21,1.11,1.26,0.7,0,-0.04,1,58.8,64.5,0.3,0.51,0.99,150173,10169369,10,0
80,-0.85,1,17,2,0.78,0.72,-0.27,0.25,-0.57,0,0.67,1,88.2,88.2,0.25,0.31,-0.64,147164,10229728,10,0
159,3.01,1,17,14,0.65,1,0.11,0.99,0.24,0,0.17,1,82.4,82.3,0.21,0.37,2.89,149069,10486151,82,0
469,2.63,1,17,13,0.59,0.98,-0.08,1,0,0,0.29,1,82.4,76.5,0.23,0.38,2.55,145552,19300786,74,10
167,4.29,1,17,16,1.04,0.92,0.21,0.53,-0.11,0,0.32,1,94.1,94.1,0.13,0.22,3.83,145445,10530738,10,50
162,3.51,1,17,15,0.77,1,0.13,0.93,0.02,0,0.25,1,88.2,88.2,0.17,0.32,3.3,147889,10512748,10,60
450,2.02,1,17,11,0.53,0.89,-0.46,0.81,-0.56,0,0.47,1,70.6,66.6,0.27,0.43,1.98,149352,17940311,82,10
173,0.06,1,17,4,0.6,1.03,0.2,1,0.13,0,0.19,1,76.5,77.9,0.29,0.42,0.14,144411,10630481,10,0
175,1.23,1,17,8,0.51,0.99,0.02,0.89,-0.24,0,0.32,1,58.8,61.6,0.3,0.46,1.23,151308,10649670,10,0
363,2.02,1,17,11,0.53,0.78,-1.25,0.77,-1.44,0,0.61,1,76.5,66.6,0.27,0.43,1.98,149844,13272527,10,0
76,1.75,1,17,10,0.51,0.92,-0.55,0.89,-0.43,0,0.41,1,64.7,63.3,0.28,0.44,1.73,149047,10226338,10,0
473,-2.93,-1,17,0,1.85,1.09,0.36,1.08,0.38,0,0,1,100,100,0,0,-2.93,143164,19513305,10,0
267,-0.34,1,17,3,0.66,1.04,0.22,0.93,-0.06,0,0.29,1,82.4,82.6,0.28,0.31,-0.21,152133,12097292,82,0
155,3.01,1,17,14,0.65,1.02,0.22,0.85,0.06,0,0.27,1,82.4,82.3,0.21,0.38,2.89,147239,10498702,10,50
418,3.01,1,17,14,0.65,0.93,-0.03,0.85,-0.18,0,0.31,1,82.4,82.3,0.21,0.38,2.89,149445,15144186,0,0
318,4.29,1,17,16,1.04,1.06,0.37,1.1,0.35,0,0.01,1,94.1,94.1,0.13,0.24,3.83,143262,12940437,82,0
431,5.54,0,17,17,1.84,0.88,0.13,0.42,-0.27,0,0.42,1,100,100,0,0,5.54,149198,16199367,82,0
228,2.31,1,17,12,0.55,1,0.08,0.83,0.02,0,0.19,1,76.5,71.1,0.25,0.42,2.25,150897,11368756,82,80
296,2.63,1,17,13,0.59,0.92,-0.21,0.81,-0.2,0,0.38,1,76.5,76.5,0.23,0.39,2.55,143194,12392138,10,50
145,0.69,1,17,6,0.53,0.73,-1.7,0.77,-1.06,0,0.69,1,82.4,68.8,0.3,0.42,0.73,150806,10451390,82,0
332,2.31,1,17,12,0.55,1.15,0.7,1.07,0.37,0,0.1,1,64.7,71.1,0.25,0.49,2.25,145704,13039369,80,50
207,4.29,1,17,16,1.04,1,0.23,0.95,0.02,0,0.27,1,94.1,94.1,0.13,0.23,3.83,145992,11277521,90,0
138,1.48,1,17,9,0.51,1.16,1.22,1.31,1.75,0,0,1,58.8,61.6,0.29,0.51,1.48,145375,10427309,10,0
316,0.69,1,17,6,0.53,1.18,0.86,1.11,0.47,0,0.03,1,52.9,68.8,0.3,0.49,0.73,144006,12824593,10,50
136,5.54,0,17,17,1.84,0.96,0,0.64,-0.12,0,0.27,1,100,100,0,0,5.54,147934,10423362,82,0
246,1.48,1,17,9,0.51,1.2,1.15,1.26,0.7,0,-0.09,1,64.7,61.6,0.29,0.51,1.48,151729,11481218,10,50
120,1.48,1,17,9,0.51,0.73,-1.07,0.75,-1.02,0,0.68,1,64.7,61.6,0.29,0.41,1.48,150021,10294015,82,10
168,3.51,1,17,15,0.77,1.17,0.48,1.93,1.25,0,-0.14,1,88.2,88.2,0.17,0.34,3.3,147535,10512748,10,82
41,0.06,1,17,4,0.6,0.85,-0.25,0.74,-0.46,0,0.51,1,82.4,77.9,0.29,0.35,0.14,149558,10165479,10,0
337,4.29,1,17,16,1.04,1,0.23,0.94,-0.03,0,0.23,1,94.1,94.1,0.13,0.23,3.83,143149,13018701,10,0
201,4.29,1,17,16,1.04,1,0.23,0.95,0.04,0,0.27,1,94.1,94.1,0.13,0.23,3.83,148255,11213566,82,0
413,5.54,0,17,17,1.84,1,0,1,0,0,0,1,100,100,0,0,5.54,144137,15219771,80,90
164,0.69,1,17,6,0.53,1.01,0.12,0.83,-0.19,0,0.28,1,52.9,68.8,0.3,0.41,0.73,151787,10513906,10,50
118,3.01,1,17,14,0.65,0.83,-0.27,0.75,-0.54,0,0.49,1,88.2,82.3,0.21,0.35,2.89,146078,10294740,80,50
283,5.54,0,17,17,1.84,0.86,0.13,0.42,-0.27,0,0.42,1,100,100,0,0,5.54,144479,12256625,90,0
43,2.02,1,17,11,0.53,1.12,0.84,1.08,0.49,0,0.14,1,52.9,66.6,0.27,0.49,1.98,151438,10162429,10,0
31,0.39,1,17,5,0.56,0.91,-0.55,0.97,-0.71,0,0.45,1,64.7,73.2,0.3,0.43,0.45,151784,10151087,10,80
180,0.39,1,17,5,0.56,1.29,1.05,1.71,0.92,0,-0.47,1,58.8,73.2,0.3,0.49,0.45,150631,10855459,10,50
139,2.02,1,17,11,0.53,1.1,0.42,1.06,0.31,0,0.14,1,64.7,66.6,0.27,0.47,1.98,151438,10414150,82,0
84,-2.93,-1,17,0,1.85,1,0,1,0,0,0,1,100,100,0,0,-2.93,146335,10229728,82,0
45,0.96,1,17,7,0.52,1.15,0.75,1.16,0.68,0,0.09,1,58.8,64.5,0.3,0.5,0.99,150215,10189068,10,0
3,3.51,1,17,15,0.77,1.04,0.23,1.11,0.48,0,0.05,1,88.2,88.2,0.17,0.33,3.3,149892,9135944,10,0
369,4.29,1,17,16,1.04,1,0.26,0.94,0.03,0,0.17,1,94.1,94.1,0.13,0.23,3.83,151413,13380559,82,0
355,2.63,1,17,13,0.59,1.15,0.48,1.14,0.65,0,0.04,1,76.5,76.5,0.23,0.45,2.55,146601,13206443,80,50
441,2.31,1,17,12,0.55,1.1,0.39,1.04,0.32,0,0.12,1,70.6,71.1,0.25,0.47,2.25,150136,16813979,10,0
194,-2.93,-1,17,0,1.85,0.94,0,0.47,-0.2,0,0.39,1,100,100,0,0,-2.93,142935,11224002,82,0
21,-2.93,-1,17,0,1.85,1,0,1,0,0,0,1,100,100,0,0,-2.93,144700,10144188,10,0
398,-2.93,-1,17,0,1.85,1,0,1,0,0,0,1,100,100,0,0,-2.93,148360,13928600,10,0
340,2.02,1,17,11,0.53,0.94,-0.21,0.88,-0.48,0,0.34,1,70.6,66.6,0.27,0.45,1.98,147732,13091638,82,0
171,4.29,1,17,16,1.04,0.97,0.23,0.79,0.06,0,0.23,1,94.1,94.1,0.13,0.23,3.83,150846,10512748,82,0
294,0.96,1,17,7,0.52,1.28,1.6,1.48,1.56,0,-0.28,1,52.9,64.5,0.3,0.53,0.99,144237,12305456,80,0
316,0.69,1,17,6,0.53,0.74,-0.94,0.69,-0.9,0,0.66,1,82.4,68.8,0.3,0.42,0.73,150142,12599891,82,0
388,3.01,1,17,14,0.65,1,0.14,0.91,-0.23,0,0.24,1,82.4,82.3,0.21,0.37,2.89,149916,13655647,10,0
439,2.31,1,17,12,0.55,0.89,-0.61,0.83,-0.43,0,0.45,1,76.5,71.1,0.25,0.41,2.25,145365,16813979,90,0
228,1.75,1,17,10,0.51,1.13,0.91,1.13,0.56,0,0.07,1,64.7,63.3,0.28,0.5,1.73,151389,11352558,10,70
152,3.51,1,17,15,0.77,1.02,0.18,1.02,-0.02,0,0.12,1,88.2,88.2,0.17,0.33,3.3,147234,10486151,10,80
384,1.48,1,17,9,0.51,0.93,-0.3,0.92,-0.49,0,0.39,1,82.4,61.6,0.29,0.45,1.48,147827,13625535,60,10
228,1.23,1,17,8,0.51,0.99,-0.03,0.96,-0.1,0,0.2,1,52.9,61.6,0.3,0.47,1.23,144153,11391359,82,0
151,1.23,1,17,8,0.51,1.01,0.13,1.19,0.68,0,0.19,1,52.9,61.6,0.3,0.48,1.23,150904,10451765,82,0
312,3.51,1,17,15,0.77,1.06,0.35,1.04,0.27,0,0.05,1,88.2,88.2,0.17,0.32,3.3,145700,12847739,82,80
293,3.01,1,17,14,0.65,1.13,0.48,1.46,1.67,0,0.05,1,82.4,82.3,0.21,0.39,2.89,147538,12305456,10,82
161,0.39,1,17,5,0.56,1.12,0.63,1.44,0.92,0,0,1,76.5,73.2,0.3,0.47,0.45,150631,10501800,82,80
149,3.51,1,17,15,0.77,0.99,0.14,0.97,0.24,0,0.21,1,88.2,88.2,0.17,0.32,3.3,144240,10469605,10,50
189,5.54,0,17,17,1.84,1,0,1,0,0,0,1,100,100,0,0,5.54,147934,11157291,10,0
239,3.01,1,17,14,0.65,0.77,-0.27,0.49,-0.58,0,0.61,1,82.4,82.3,0.21,0.35,2.89,152129,11467258,82,0
270,3.01,1,17,14,0.65,1.04,0.24,0.96,0.13,0,0.15,1,82.4,82.3,0.21,0.36,2.89,151326,12142050,10,80
169,-1.65,1,17,1,1.05,0.94,0.23,0.47,-0.2,0,0.39,1,94.1,94.1,0.19,0.22,-1.2,147234,10512594,82,80
247,-2.93,-1,17,0,1.85,1,0,1,0,0,0,1,100,100,0,0,-2.93,147865,11488026,10,0
121,-2.93,-1,17,0,1.85,1,0,1,0,0,0,1,100,100,0,0,-2.93,143152,10291598,10,0
432,2.63,1,17,13,0.59,1.03,0.2,0.93,-0.03,0,0.27,1,76.5,76.5,0.23,0.42,2.55,145705,16371399,80,50
379,5.54,0,17,17,1.84,0.99,0,1,0,0,0.26,1,100,100,0,0,5.54,149900,13625934,80,90
190,-0.85,1,17,2,0.78,1.18,0.54,1.13,0.35,0,0.05,1,88.2,88.2,0.25,0.34,-0.64,145700,11113944,10,50
193,-2.93,-1,17,0,1.85,1,0,1,0,0,0,1,100,100,0,0,-2.93,146167,11091797,82,10
373,5.54,0,17,17,1.84,1,0,1,0,0,0,1,100,100,0,0,5.54,149900,13471945,60,90
218,4.29,1,17,16,1.04,1,0.23,0.83,0.06,0,0.21,1,94.1,94.1,0.13,0.23,3.83,151326,11333499,82,0
71,1.48,1,17,9,0.51,1.06,0.7,0.91,0.23,0,0.14,1,52.9,61.6,0.29,0.5,1.48,143082,10226818,10,0
466,1.75,1,17,10,0.51,0.89,-0.63,0.85,-0.59,0,0.44,1,70.6,63.3,0.28,0.45,1.73,149365,20518099,90,10
92,3.01,1,17,14,0.65,1.06,0.34,1.84,1.55,0,-0.11,1,82.4,82.3,0.21,0.43,2.89,147385,10246525,70,0
221,2.63,1,17,13,0.59,0.97,0,0.93,-0.1,0,0.28,1,76.5,76.5,0.23,0.41,2.55,145423,11387424,82,0
466,0.96,1,17,7,0.52,0.96,-0.2,1.13,0.46,0,0.29,1,64.7,64.5,0.3,0.47,0.99,149352,19686137,80,0
33,2.02,1,17,11,0.53,0.91,-0.53,0.81,-0.64,0,0.41,1,76.5,66.6,0.27,0.43,1.98,147981,10153039,70,0
180,4.29,1,17,16,1.04,1,0.23,0.96,0.05,0,0.22,1,94.1,94.1,0.13,0.23,3.83,147639,10942017,90,0
227,2.31,1,17,12,0.55,0.9,-0.45,0.74,-0.56,0,0.42,1,76.5,71.1,0.25,0.41,2.25,147981,11365811,82,0
45,2.02,1,17,11,0.53,0.86,-0.6,0.81,-0.52,0,0.44,1,64.7,66.6,0.27,0.43,1.98,143972,10187901,82,0
127,0.39,1,17,5,0.56,0.98,0,1,0.01,0,0.32,1,76.5,73.2,0.3,0.44,0.45,144647,10299521,82,0
20,-2.93,-1,17,0,1.85,1,0,1,0,0,0,1,100,100,0,0,-2.93,145881,10134190,70,80
135,0.06,1,17,4,0.6,0.75,-0.24,1.06,0.29,0,0.65,1,82.4,77.9,0.29,0.37,0.14,148594,10427309,50,0
105,0.39,1,17,5,0.56,1.14,0.7,1.07,0.37,0,0.1,1,64.7,73.2,0.3,0.47,0.45,150215,10282807,82,0
250,2.63,1,17,13,0.59,0.92,-0.14,0.68,-0.24,0,0.41,1,76.5,76.5,0.23,0.37,2.55,144126,11483717,60,50
327,5.54,0,17,17,1.84,1.09,0.38,1.15,0.55,0,0,1,100,100,0,0,5.54,151255,12907170,80,90
5,0.69,1,17,6,0.53,0.84,-1.15,0.86,-1.18,0,0.54,1,76.5,68.8,0.3,0.43,0.73,150806,9268812,10,50
234,0.69,1,17,6,0.53,1.14,0.71,1.07,0.34,0,0.11,1,52.9,68.8,0.3,0.49,0.73,151432,11444517,60,0
362,4.29,1,17,16,1.04,1.06,0.36,1.1,0.35,0,0.05,1,94.1,94.1,0.13,0.24,3.83,150371,13272527,10,0
182,3.51,1,17,15,0.77,1.21,0.53,1.58,0.69,0,-0.1,1,88.2,88.2,0.17,0.34,3.3,147538,10942017,10,80
397,2.02,1,17,11,0.53,0.96,-0.16,0.95,0.14,0,0.33,1,64.7,66.6,0.27,0.46,1.98,144685,13715054,90,0
131,2.02,1,17,11,0.53,0.9,-0.47,0.81,-0.49,0,0.43,1,64.7,66.6,0.27,0.43,1.98,149600,10402837,82,0
224,1.75,1,17,10,0.51,0.9,-0.97,0.86,-0.91,0,0.43,1,64.7,63.3,0.28,0.44,1.73,150021,11351470,82,10
259,2.63,1,17,13,0.59,0.92,-0.12,0.89,-0.18,0,0.38,1,76.5,76.5,0.23,0.4,2.55,148386,12059064,90,0
58,1.23,1,17,8,0.51,0.86,-0.63,0.97,-0.64,0,0.48,1,58.8,61.6,0.3,0.47,1.23,151317,10213155,10,0
256,2.63,1,17,13,0.59,0.84,-0.27,0.77,-0.58,0,0.49,1,70.6,76.5,0.23,0.39,2.55,151758,12018627,82,0
203,1.23,1,17,8,0.51,0.74,-0.94,0.72,-0.9,0,0.69,1,82.4,61.6,0.3,0.41,1.23,143972,11167971,10,0
227,2.31,1,17,12,0.55,1,0.08,0.95,-0.06,0,0.22,1,70.6,71.1,0.25,0.45,2.25,147817,11351497,80,50
71,1.75,1,17,10,0.51,1.21,1.11,1.28,1.28,0,-0.08,1,58.8,63.3,0.28,0.51,1.73,151676,10221506,10,50
418,4.29,1,17,16,1.04,0.86,0.13,0.42,-0.27,0,0.42,1,94.1,94.1,0.13,0.22,3.83,144851,15144186,80,0
397,0.69,1,17,6,0.53,1.12,0.68,1.05,0.23,0,0.14,1,64.7,68.8,0.3,0.49,0.73,146734,13739689,80,0
443,0.06,1,17,4,0.6,1.27,0.64,2.02,0.97,0,-0.47,1,82.4,77.9,0.29,0.39,0.14,147535,17427681,10,0
339,1.48,1,17,9,0.51,0.97,-0.16,0.89,-0.25,0,0.34,1,58.8,61.6,0.29,0.46,1.48,143754,13018701,82,10
467,5.54,0,17,17,1.84,0.9,0.13,0.47,-0.27,0,0.37,1,100,100,0,0,5.54,143454,20310803,70,0
162,3.51,1,17,15,0.77,1.11,0.41,1.58,0.73,0,-0.1,1,88.2,88.2,0.17,0.32,3.3,150191,10511458,82,0
245,-1.65,1,17,1,1.05,0.77,-0.27,0.25,-0.58,0,0.65,1,94.1,94.1,0.19,0.19,-1.2,152129,11481056,82,0
98,-1.65,1,17,1,1.05,0.77,-0.27,0.25,-0.54,0,0.66,1,94.1,94.1,0.19,0.22,-1.2,148225,10255060,82,0
447,2.63,1,17,13,0.59,1.03,0.24,1.03,0.29,0,0.19,1,76.5,76.5,0.23,0.41,2.55,150136,17760593,82,10
467,0.69,1,17,6,0.53,1.5,2.25,1.29,1.77,0,-0.07,1,35.3,68.8,0.3,0.54,0.73,149360,19300786,82,10
144,0.69,1,17,6,0.53,1.04,0.35,0.82,0.25,0,0.13,1,64.7,68.8,0.3,0.47,0.73,149603,10451765,82,0
434,0.39,1,17,5,0.56,0.96,0.02,0.91,-0.2,0,0.39,1,76.5,73.2,0.3,0.44,0.45,145365,16158490,90,40
185,3.51,1,17,15,0.77,0.94,0.08,0.68,-0.11,0,0.25,1,88.2,88.2,0.17,0.27,3.3,147831,11091797,50,0
43,0.96,1,17,7,0.52,1.21,1.47,1.26,1.41,0,-0.05,1,52.9,64.5,0.3,0.52,0.99,148095,10169369,10,70
341,2.02,1,17,11,0.53,0.97,-0.15,0.91,-0.09,0,0.32,1,64.7,66.6,0.27,0.46,1.98,147732,13029142,80,10
455,3.51,1,17,15,0.77,0.9,0.01,0.76,-0.27,0,0.37,1,88.2,88.2,0.17,0.31,3.3,145364,17963885,10,0
129,-0.85,1,17,2,0.78,1,0.11,0.95,-0.25,0,0.29,1,88.2,88.2,0.25,0.32,-0.64,145992,10402837,82,0
183,-1.65,1,17,1,1.05,1.07,0.39,1.04,0.4,0,0.05,1,94.1,94.1,0.19,0.24,-1.2,143643,11128232,82,0
203,1.23,1,17,8,0.51,0.74,-2.22,0.74,-1.82,0,0.66,1,94.1,61.6,0.3,0.41,1.23,151240,11210729,82,0
57,0.96,1,17,7,0.52,1.21,1.05,1.11,0.47,0,0.05,1,52.9,64.5,0.3,0.51,0.99,148095,10205934,82,0
405,0.96,1,17,7,0.52,0.87,-0.73,0.87,-0.74,0,0.48,1,76.5,64.5,0.3,0.45,0.99,151207,14350971,82,0
290,4.29,1,17,16,1.04,1.08,0.38,1.14,0.55,0,0.05,1,94.1,94.1,0.13,0.24,3.83,149667,12297119,10,50
80,0.39,1,17,5,0.56,1.14,0.63,1.18,0.73,0,0.07,1,76.5,73.2,0.3,0.46,0.45,150254,10235183,10,0
340,-2.93,-1,17,0,1.85,1,0,1,0,0,0,1,100,100,0,0,-2.93,148230,13018701,80,70
163,3.01,1,17,14,0.65,0.97,-0.02,0.64,0.2,0,0.28,1,82.4,82.3,0.21,0.35,2.89,152234,10533346,82,0
347,4.29,1,17,16,1.04,1,0.28,0.99,0.03,0,0.25,1,94.1,94.1,0.13,0.23,3.83,150934,13220063,82,0
251,2.63,1,17,13,0.59,0.93,-0.12,0.8,-0.2,0,0.34,1,76.5,76.5,0.23,0.4,2.55,152151,11480688,82,0
27,-0.34,1,17,3,0.66,0.85,-0.07,0.74,-0.5,0,0.45,1,88.2,82.6,0.28,0.32,-0.21,145520,10151516,10,50
341,2.02,1,17,11,0.53,1.05,0.35,1.45,1.43,0,0.07,1,76.5,66.6,0.27,0.47,1.98,145704,13105493,10,0
280,4.29,1,17,16,1.04,1,0.23,0.99,0.14,0,0.14,1,94.1,94.1,0.13,0.23,3.83,152561,12213373,10,0
296,3.01,1,17,14,0.65,1.13,0.48,1.23,0.55,0,0,1,82.4,82.3,0.21,0.4,2.89,150792,12332801,80,0
119,-2.93,-1,17,0,1.85,1,0,1,0,0,0,1,100,100,0,0,-2.93,146167,10294015,10,0
355,2.63,1,17,13,0.59,0.89,-0.67,0.69,-0.71,0,0.44,1,76.5,76.5,0.23,0.37,2.55,144768,13221124,80,50
207,1.23,1,17,8,0.51,0.98,-0.09,0.95,-0.19,0,0.32,1,58.8,61.6,0.3,0.46,1.23,149670,11300442,82,10
469,2.31,1,17,12,0.55,1.18,0.69,1.05,0.27,0,0.12,1,64.7,71.1,0.25,0.47,2.25,149360,19997035,10,0
366,3.51,1,17,15,0.77,0.99,0.12,0.78,-0.14,0,0.29,1,88.2,88.2,0.17,0.32,3.3,146745,13440624,90,0
104,-2.93,-1,17,0,1.85,0.94,0,0.47,-0.2,0,0.39,1,100,100,0,0,-2.93,150267,10271287,80,20
43,0.69,1,17,6,0.53,1.07,0.56,1.09,0.47,0,0.25,1,64.7,68.8,0.3,0.47,0.73,150183,10168494,10,0
336,4.29,1,17,16,1.04,0.86,0.13,0.42,-0.27,0,0.42,1,94.1,94.1,0.13,0.22,3.83,149895,13022148,10,50
361,4.29,1,17,16,1.04,1.01,0.31,0.82,0.23,0,0.13,1,94.1,94.1,0.13,0.23,3.83,151746,13302914,10,0
464,0.96,1,17,7,0.52,1.52,1.71,1.36,3.57,0,-0.07,1,41.2,64.5,0.3,0.54,0.99,149291,20024878,10,60
15,0.96,1,17,7,0.52,1.21,1.05,1.26,1.35,0,-0.05,1,52.9,64.5,0.3,0.51,0.99,148070,10134190,10,0
276,2.02,1,17,11,0.53,1.09,0.51,1.06,0.37,0,0.16,1,64.7,66.6,0.27,0.47,1.98,152319,12127264,82,0
5,2.31,1,17,12,0.55,1.31,1.15,1.36,1.6,0,-0.07,1,64.7,71.1,0.25,0.49,2.25,146001,9223932,10,82
38,-2.93,-1,17,0,1.85,1,0,1,0,0,0,1,100,100,0,0,-2.93,144079,10167099,10,0
446,0.96,1,17,7,0.52,0.77,-1.31,0.71,-1.37,0,0.56,1,76.5,64.5,0.3,0.42,0.99,149955,17760593,82,0
41,2.02,1,17,11,0.53,0.93,-0.35,0.87,-0.26,0,0.39,1,64.7,66.6,0.27,0.44,1.98,149025,10171096,80,0
164,4.29,1,17,16,1.04,0.97,0.28,0.64,0.11,0,0.24,1,94.1,94.1,0.13,0.23,3.83,150934,10513906,82,0
133,2.02,1,17,11,0.53,0.9,-0.53,0.81,-0.59,0,0.43,1,70.6,66.6,0.27,0.43,1.98,149047,10426450,82,0
72,3.01,1,17,14,0.65,1.09,0.33,1.84,1.86,0,-0.1,1,82.4,82.3,0.21,0.39,2.89,150191,10226818,82,0
10,2.63,1,17,13,0.59,1,0.04,0.97,0,0,0.2,1,76.5,76.5,0.23,0.41,2.55,151334,10095500,10,0
377,2.31,1,17,12,0.55,0.78,-0.83,0.75,-1.02,0,0.56,1,82.4,71.1,0.25,0.41,2.25,146734,13586491,82,0
204,1.23,1,17,8,0.51,0.74,-0.94,0.77,-0.75,0,0.75,1,70.6,61.6,0.3,0.42,1.23,149679,11176784,10,50
246,1.48,1,17,9,0.51,0.92,-0.55,0.89,-0.52,0,0.44,1,58.8,61.6,0.29,0.46,1.48,151308,11481056,10,50
177,2.02,1,17,11,0.53,1.1,0.43,1.06,0.37,0,0.14,1,70.6,66.6,0.27,0.47,1.98,148066,10588205,82,0
280,5.54,0,17,17,1.84,0.86,0.13,0.52,-0.27,0,0.42,1,100,100,0,0,5.54,144479,12236152,70,0
29,-2.93,-1,17,0,1.85,1,0,1,0,0,0,1,100,100,0,0,-2.93,145881,10151516,10,0
70,1.23,1,17,8,0.51,1.16,1.15,1.42,1.69,0,0.07,1,47.1,61.6,0.3,0.51,1.23,147385,10226818,10,60
301,1.23,1,17,8,0.51,1.18,1.11,1.13,0.64,0,0.02,1,47.1,61.6,0.3,0.51,1.23,149866,12392138,82,10
270,1.23,1,17,8,0.51,0.99,-0.03,0.95,-0.06,0,0.29,1,52.9,61.6,0.3,0.47,1.23,143762,12156515,82,0
454,3.51,1,17,15,0.77,1,0.17,1,0.14,0,0.12,1,88.2,88.2,0.17,0.32,3.3,146394,17555477,50,60
75,1.23,1,17,8,0.51,1.06,0.49,1.05,0.32,0,0.2,1,58.8,61.6,0.3,0.49,1.23,149619,10223002,70,0
3,-0.34,1,17,3,0.66,1.06,0.32,1.05,0.32,0,0.23,1,88.2,82.6,0.28,0.33,-0.21,144749,9135944,10,0
405,5.54,0,17,17,1.84,0.86,0.13,0.42,-0.27,0,0.42,1,100,100,0,0,5.54,144250,14123495,80,0
139,2.02,1,17,11,0.53,0.99,0.01,0.96,-0.09,0,0.29,1,64.7,66.6,0.27,0.46,1.98,145423,10427309,10,50
417,5.54,0,17,17,1.84,0.9,0.13,0.47,-0.27,0,0.37,1,100,100,0,0,5.54,149895,14640570,0,0
387,2.31,1,17,12,0.55,1.23,1.15,1.31,1.15,0,-0.06,1,64.7,71.1,0.25,0.47,2.25,143933,13647806,74,80
62,1.48,1,17,9,0.51,0.91,-0.85,0.86,-1.01,0,0.41,1,76.5,61.6,0.29,0.46,1.48,147605,10202285,80,50
440,-2.93,-1,17,0,1.85,1,0,1,0,0,0,1,100,100,0,0,-2.93,148343,17427681,10,50
165,0.96,1,17,7,0.52,1.21,0.97,1.26,1.43,0,-0.05,1,52.9,64.5,0.3,0.5,0.99,146382,10513906,82,0
347,2.63,1,17,13,0.59,0.9,-0.66,0.8,-0.71,0,0.41,1,76.5,76.5,0.23,0.41,2.55,149180,13204599,10,0
376,3.01,1,17,14,0.65,0.89,-0.14,0.77,-0.44,0,0.44,1,88.2,82.3,0.21,0.36,2.89,146403,13565672,90,50
468,3.01,1,17,14,0.65,0.95,0.02,0.64,-0.21,0,0.33,1,82.4,82.3,0.21,0.35,2.89,148672,20405545,80,0
155,1.23,1,17,8,0.51,0.91,-0.6,0.86,-0.63,0,0.41,1,64.7,61.6,0.3,0.46,1.23,143247,10498702,10,0
301,2.63,1,17,13,0.59,0.98,0.03,0.98,0,0,0.3,1,76.5,76.5,0.23,0.42,2.55,150142,12426938,82,0
287,-0.85,1,17,2,0.78,1.28,1.33,1.93,0.69,0,-0.46,1,88.2,88.2,0.25,0.34,-0.64,147999,12305456,80,0
166,-1.65,1,17,1,1.05,1,0.26,0.95,-0.05,0,0.29,1,94.1,94.1,0.19,0.23,-1.2,145123,10512748,10,0
296,2.31,1,17,12,0.55,1.13,0.64,1.04,0.25,0,0.1,1,70.6,71.1,0.25,0.47,2.25,146829,12346497,10,50
28,-2.93,-1,17,0,1.85,1,0,1,0,0,0,1,100,100,0,0,-2.93,146794,10152113,70,80
194,5.54,0,17,17,1.84,1.06,0.36,1.17,0.55,0,0,1,100,100,0,0,5.54,146573,11224002,74,50
405,2.31,1,17,12,0.55,0.84,-1.15,0.86,-1.09,0,0.57,1,76.5,71.1,0.25,0.43,2.25,151207,14123495,82,0
92,4.29,1,17,16,1.04,0.87,0.13,0.42,-0.27,0,0.48,1,94.1,94.1,0.13,0.22,3.83,150267,10241485,80,0
414,4.29,1,17,16,1.04,1.04,0.31,0.82,0.23,0,0.13,1,94.1,94.1,0.13,0.24,3.83,148594,14640570,50,90
456,2.02,1,17,11,0.53,1.06,0.39,1.04,0.26,0,0.21,1,52.9,66.6,0.27,0.47,1.98,150010,18870317,10,0
342,3.51,1,17,15,0.77,0.94,0.11,0.69,-0.18,0,0.32,1,88.2,88.2,0.17,0.29,3.3,144995,13038427,82,0
48,4.29,1,17,16,1.04,0.82,0.13,0.52,-0.43,0,0.46,1,94.1,94.1,0.13,0.22,3.83,149535,10187901,80,0
292,1.48,1,17,9,0.51,1.11,0.81,1.04,0.26,0,0.12,1,58.8,61.6,0.29,0.5,1.48,149866,12279633,10,50
3,0.39,1,17,5,0.56,0.94,-0.14,1.02,0.02,0,0.34,1,82.4,73.2,0.3,0.4,0.45,147569,7336365,80,0
344,2.02,1,17,11,0.53,0.94,-0.35,0.87,-0.45,0,0.38,1,70.6,66.6,0.27,0.45,1.98,147732,13039369,82,0
418,3.01,1,17,14,0.65,0.94,-0.02,0.81,-0.18,0,0.33,1,82.4,82.3,0.21,0.38,2.89,149445,15144186,80,10
12,2.63,1,17,13,0.59,0.91,-0.54,0.79,-0.43,0,0.41,1,76.5,76.5,0.23,0.35,2.55,146794,10098879,10,50
330,4.29,1,17,16,1.04,1.04,0.31,1.04,0.39,0,0.05,1,94.1,94.1,0.13,0.24,3.83,151746,12887749,10,0
239,3.01,1,17,14,0.65,1,0.13,0.91,0.05,0,0.24,1,82.4,82.3,0.21,0.37,2.89,148255,11403926,80,0
139,1.48,1,17,9,0.51,1.1,0.49,1.05,0.23,0,0.14,1,58.8,61.6,0.29,0.48,1.48,144411,10426450,82,0
475,-1.65,1,17,1,1.05,1,0.23,1.19,0.47,0,0.02,1,94.1,94.1,0.19,0.23,-1.2,148074,20024878,10,50
145,-2.93,-1,17,0,1.85,1.03,0.31,0.82,0.23,0,0.14,1,100,100,0,0,-2.93,147847,10461671,82,0
144,0.06,1,17,4,0.6,0.75,-0.24,0.69,-0.54,0,0.61,1,82.4,77.9,0.29,0.35,0.14,152133,10451765,82,0
22,-2.93,-1,17,0,1.85,1,0,1,0,0,0,1,100,100,0,0,-2.93,149541,10142940,80,40
195,3.51,1,17,15,0.77,1.18,0.44,1.57,0.73,0,-0.22,1,88.2,88.2,0.17,0.34,3.3,147538,11167971,10,50
353,5.54,0,17,17,1.84,1,0,1,0,0,0,1,100,100,0,0,5.54,146163,13154524,80,50
11,1.48,1,17,9,0.51,1.12,0.89,1.2,0.91,0,0.08,1,58.8,61.6,0.29,0.5,1.48,146607,10098879,10,20
183,5.54,0,17,17,1.84,1,0,1,0,0,0,1,100,100,0,0,5.54,144962,11128232,10,0
388,2.63,1,17,13,0.59,1.35,1.12,1.66,1.24,0,-0.46,1,70.6,76.5,0.23,0.45,2.55,147827,13693018,80,20
188,5.54,0,17,17,1.84,1,0,1,0.06,0,0,1,100,100,0,0,5.54,152561,11113944,10,0
179,2.63,1,17,13,0.59,1.22,0.77,2.28,1.86,0,-0.09,1,70.6,76.5,0.23,0.44,2.55,145375,10942017,10,80
40,0.06,1,17,4,0.6,1.04,0.23,0.91,-0.09,0,0.29,1,76.5,77.9,0.29,0.41,0.14,144202,10161880,80,0
467,5.54,0,17,17,1.84,1,0,1,0,0,0,1,100,100,0,0,5.54,143504,19300786,80,0
13,0.39,1,17,5,0.56,1.15,0.61,1.11,0.37,0,0.09,1,70.6,73.2,0.3,0.47,0.45,146169,10095500,80,0
61,-2.93,-1,17,0,1.85,1,0,1,0,0,0,1,100,100,0,0,-2.93,144037,10209190,10,0
227,1.75,1,17,10,0.51,0.9,-0.6,0.97,-0.64,0,0.43,1,64.7,63.3,0.28,0.46,1.73,149551,11351470,10,0
60,1.48,1,17,9,0.51,0.93,-0.41,0.89,-0.56,0,0.4,1,58.8,61.6,0.29,0.45,1.48,146297,10202285,10,0
254,2.63,1,17,13,0.59,0.79,-0.57,0.71,-0.43,0,0.59,1,76.5,76.5,0.23,0.37,2.55,152126,12022535,82,40
279,4.29,1,17,16,1.04,0.86,0.13,0.42,-0.27,0,0.41,1,94.1,94.1,0.13,0.22,3.83,151424,12145734,82,0
20,0.69,1,17,6,0.53,0.94,-0.35,0.85,-0.42,0,0.39,1,64.7,68.8,0.3,0.44,0.73,146906,10140336,10,0
370,2.63,1,17,13,0.59,1.31,0.64,1.81,1.7,0,-0.46,1,82.4,76.5,0.23,0.42,2.55,149907,13445294,82,80
284,0.69,1,17,6,0.53,1.26,1.18,1.26,1.31,0,-0.06,1,64.7,68.8,0.3,0.51,0.73,152257,12249688,82,0
331,5.54,0,17,17,1.84,1.02,0.31,0.82,0.23,0,0.14,1,100,100,0,0,5.54,147464,12894389,10,80
27,3.51,1,17,15,0.77,0.89,-0.05,0.8,-0.26,0,0.48,1,88.2,88.2,0.17,0.32,3.3,146594,10151893,10,50
410,1.48,1,17,9,0.51,0.91,-0.85,0.86,-0.91,0,0.41,1,76.5,61.6,0.29,0.46,1.48,152038,14059649,0,0
250,0.69,1,17,6,0.53,1.26,1.45,1.27,1.35,0,-0.03,1,52.9,68.8,0.3,0.52,0.73,151355,11489502,80,0
99,2.02,1,17,11,0.53,1.02,0.15,0.99,0.2,0,0.13,1,64.7,66.6,0.27,0.46,1.98,146598,10243046,82,0
323,4.29,1,17,16,1.04,1.06,0.38,1.21,0.55,0,-0.01,1,94.1,94.1,0.13,0.24,3.83,150792,12949892,80,50
97,3.01,1,17,14,0.65,0.9,-0.1,0.78,-0.26,0,0.38,1,82.4,82.3,0.21,0.38,2.89,150271,10241485,10,0
7,2.31,1,17,12,0.55,0.91,-0.45,0.8,-0.51,0,0.43,1,70.6,71.1,0.25,0.41,2.25,146906,9224041,10,50
299,3.01,1,17,14,0.65,1.04,0.23,0.94,0.07,0,0.21,1,82.4,82.3,0.21,0.37,2.89,151326,12377481,82,0
133,4.29,1,17,16,1.04,1.02,0.31,0.82,0.25,0,0.14,1,94.1,94.1,0.13,0.23,3.83,148043,10413413,82,0
124,1.23,1,17,8,0.51,0.82,-0.76,0.69,-1.02,0,0.57,1,70.6,61.6,0.3,0.41,1.23,146586,10342087,10,0
1,-0.34,1,17,3,0.66,1.05,0.24,1.06,0.31,0,0.22,1,82.4,82.6,0.28,0.33,-0.21,146805,9135944,10,0
390,2.31,1,17,12,0.55,0.78,-1.31,0.71,-1.82,0,0.66,1,76.5,71.1,0.25,0.39,2.25,146326,13653725,82,50
36,-1.65,1,17,1,1.05,0.94,0.23,0.47,-0.2,0,0.37,1,94.1,94.1,0.19,0.22,-1.2,144106,10166033,40,0
204,2.63,1,17,13,0.59,1.03,0.2,0.95,0,0,0.21,1,70.6,76.5,0.23,0.42,2.55,146080,11210729,82,0
182,1.75,1,17,10,0.51,1.12,0.75,1.16,0.98,0,0.12,1,64.7,63.3,0.28,0.5,1.73,150825,10981802,10,0
164,0.06,1,17,4,0.6,0.92,-0.14,0.85,-0.2,0,0.38,1,82.4,77.9,0.29,0.39,0.14,150931,10513906,82,80
341,2.02,1,17,11,0.53,0.96,-0.23,0.96,0.3,0,0.29,1,64.7,66.6,0.27,0.46,1.98,148500,13135104,80,10
291,2.31,1,17,12,0.55,1.06,0.37,0.99,0.23,0,0.14,1,64.7,71.1,0.25,0.46,2.25,146829,12279633,10,0
372,2.02,1,17,11,0.53,0.97,-0.16,0.87,-0.06,0,0.33,1,58.8,66.6,0.27,0.44,1.98,149866,13394266,10,0
33,2.02,1,17,11,0.53,1.31,1.55,1.33,1.75,0,-0.12,1,52.9,66.6,0.27,0.53,1.98,147117,10149732,70,50
28,2.02,1,17,11,0.53,1.12,0.84,1.18,0.78,0,0.12,1,58.8,66.6,0.27,0.49,1.98,151438,10151516,10,0
183,4.29,1,17,16,1.04,1,0.28,0.99,0.03,0,0.24,1,94.1,94.1,0.13,0.23,3.83,150691,11097957,82,0
306,3.01,1,17,14,0.65,0.98,0.13,0.97,-0.02,0,0.24,1,82.4,82.3,0.21,0.39,2.89,147767,12475777,10,0
103,0.96,1,17,7,0.52,1.06,0.47,0.93,0.01,0,0.21,1,64.7,64.5,0.3,0.49,0.99,150897,10283234,82,0
398,2.63,1,17,13,0.59,1,0.1,0.9,-0.03,0,0.24,1,70.6,76.5,0.23,0.41,2.55,146734,13928600,80,50
376,1.23,1,17,8,0.51,0.98,-0.01,0.93,-0.24,0,0.33,1,58.8,61.6,0.3,0.48,1.23,148580,13611925,82,0
179,2.02,1,17,11,0.53,1.03,0.25,0.91,0.02,0,0.2,1,64.7,66.6,0.27,0.45,1.98,150257,11091711,10,0
171,0.06,1,17,4,0.6,0.87,-0.25,0.81,-0.46,0,0.48,1,82.4,77.9,0.29,0.38,0.14,150915,10509410,10,0
227,2.31,1,17,12,0.55,1,0.08,0.91,-0.06,0,0.24,1,70.6,71.1,0.25,0.44,2.25,144904,11365811,82,0
180,2.31,1,17,12,0.55,1,0.07,0.93,-0.1,0,0.23,1,76.5,71.1,0.25,0.45,2.25,144904,10942017,10,50
234,5.54,0,17,17,1.84,0.93,0,0.47,-0.12,0,0.29,1,100,100,0,0,5.54,151424,11467258,10,0
140,0.96,1,17,7,0.52,0.98,-0.03,0.92,-0.21,0,0.39,1,64.7,64.5,0.3,0.45,0.99,144469,10421947,10,20
222,4.29,1,17,16,1.04,0.92,0.21,0.53,-0.12,0,0.34,1,94.1,94.1,0.13,0.22,3.83,152126,11368756,82,10
45,-0.34,1,17,3,0.66,1.04,0.25,1,0.07,0,0.26,1,82.4,82.6,0.28,0.32,-0.21,146086,10189351,10,0
430,2.31,1,17,12,0.55,0.78,-1.25,0.72,-1.06,0,0.61,1,76.5,71.1,0.25,0.41,2.25,152110,16158490,82,40
193,-0.85,1,17,2,0.78,1.21,0.51,1.28,1.25,0,-0.06,1,88.2,88.2,0.25,0.34,-0.64,151339,11093935,82,0
12,2.02,1,17,11,0.53,1.12,0.71,1.07,0.37,0,0.14,1,52.9,66.6,0.27,0.5,1.98,151362,10095500,10,80
21,-2.93,-1,17,0,1.85,1,0,1,0,0,0,1,100,100,0,0,-2.93,145881,10144277,70,10
285,1.48,1,17,9,0.51,1.25,1.18,1.48,1.71,0,-0.37,1,64.7,61.6,0.29,0.51,1.48,147384,12213373,10,0
17,0.96,1,17,7,0.52,1.2,1.22,1.24,1.31,0,-0.04,1,64.7,64.5,0.3,0.52,0.99,146169,10141359,10,0
351,5.54,0,17,17,1.84,1.01,0.31,1.04,0.42,0,0,1,100,100,0,0,5.54,150815,13241001,10,0
403,-2.93,-1,17,0,1.85,1,0,1,0,0,0,1,100,100,0,0,-2.93,150734,14327600,80,0
444,0.96,1,17,7,0.52,1.07,0.39,1.08,0.37,0,0.22,1,58.8,64.5,0.3,0.48,0.99,148821,17125634,80,0
417,2.31,1,17,12,0.55,0.85,-0.57,0.74,-0.51,0,0.5,1,70.6,71.1,0.25,0.4,2.25,151955,14565013,82,0
191,2.02,1,17,11,0.53,1.12,0.68,1.21,0.46,0,0.05,1,70.6,66.6,0.27,0.49,1.98,150223,11113944,82,10
118,0.96,1,17,7,0.52,0.98,0,1.01,0.03,0,0.33,1,64.7,64.5,0.3,0.47,0.99,147378,10291598,82,10
279,0.96,1,17,7,0.52,1.26,1.18,1.26,1.28,0,-0.05,1,58.8,64.5,0.3,0.51,0.99,152257,12145734,82,0
394,2.31,1,17,12,0.55,0.96,-0.08,0.89,-0.3,0,0.34,1,76.5,71.1,0.25,0.44,2.25,147861,13814400,60,40
69,0.96,1,17,7,0.52,1.14,0.75,1.19,1.08,0,0.07,1,58.8,64.5,0.3,0.5,0.99,150314,10225846,10,0
242,-2.93,-1,17,0,1.85,1,0,1,0,0,0,1,100,100,0,0,-2.93,147154,11552808,10,0
226,1.75,1,17,10,0.51,1.06,0.49,1.06,0.37,0,0.19,1,76.5,63.3,0.28,0.48,1.73,150703,11333499,82,0
147,-1.65,1,17,1,1.05,0.94,0.26,0.47,-0.2,0,0.39,1,94.1,94.1,0.19,0.22,-1.2,145992,10469605,82,0
422,0.69,1,17,6,0.53,0.77,-1.7,0.69,-1.82,0,0.6,1,76.5,68.8,0.3,0.39,0.73,143798,15543919,80,0
37,0.69,1,17,6,0.53,1.21,1.07,1.26,1.35,0,-0.04,1,58.8,68.8,0.3,0.51,0.73,148070,10161880,10,50
189,4.29,1,17,16,1.04,1.06,0.36,1.21,0.53,0,-0.09,1,94.1,94.1,0.13,0.24,3.83,150219,11099860,82,0
448,2.02,1,17,11,0.53,1.04,0.35,1.04,0.32,0,0.2,1,70.6,66.6,0.27,0.47,1.98,150753,17925568,90,10
347,4.29,1,17,16,1.04,0.93,0.26,0.53,-0.11,0,0.24,1,94.1,94.1,0.13,0.22,3.83,144250,13200526,82,0
62,-2.93,-1,17,0,1.85,1,0,1,0,0,0,1,100,100,0,0,-2.93,145886,10205934,70,10
472,0.69,1,17,6,0.53,1.52,2.05,1.33,2.42,0,-0.1,1,41.2,68.8,0.3,0.6,0.73,148605,20024878,10,50
